PART NUMBER,TAG,NAME,CATEGORY,QUANTITY,MATERIAL,THICKNESS,ASSEMBLY,SHEET NUMBER,SIZE (in),STATUS,TAG ON PART,JOINT,NOTE
SITE-001,SI001,BASE PLY 1 of 3 (laminated),SUPPORT (hidden),1,1/16 in chipboard,1 x 0.0625 = 0.0625 in,KIT SITE / step 1,SHEET-01,16.50 x 13.00,DER-FAB,yes,"face-laminated, PVA, edges flush","site base; laminate 3 plies with PVA under weight, edges flush"
SITE-002,SI002,BASE PLY 2 of 3 (laminated),SUPPORT (hidden),1,1/16 in chipboard,1 x 0.0625 = 0.0625 in,KIT SITE / step 1,SHEET-01,16.50 x 13.00,DER-FAB,yes,"face-laminated, PVA, edges flush","site base; laminate 3 plies with PVA under weight, edges flush"
SITE-003,SI003,BASE PLY 3 of 3 (laminated),MUST FABRICATE,1,1/16 in chipboard,1 x 0.0625 = 0.0625 in,KIT SITE / step 1,SHEET-02,16.50 x 13.00,DER-FAB,sheet label,"face-laminated, PVA, edges flush","site base; laminate 3 plies with PVA under weight, edges flush"
SITE-004,SI004,GF SLAB SL-00 (plinth),MUST FABRICATE,1,1/16 in chipboard,1 x 0.0625 = 0.0625 in,KIT SITE / step 2,SHEET-02,12.18 x 9.40,DER,yes,"butt onto base, aligned to engraved footprint, PVA",
STRUCT-001,ST001,GF BEARING RIB under hall legs (Y -26.5),SUPPORT (hidden),1,1/16 in chipboard,1 x 0.0625 = 0.0625 in,KIT STRUCT / step 4,SHEET-03,10.58 x 0.76,DER-FAB,yes,"butt on plate below, PVA","represents GF interior wall line Y-27 (DER), simplified to one continuous rib"
STRUCT-002,ST002,GF WING RIB X6.5,SUPPORT (hidden),1,1/16 in chipboard,1 x 0.0625 = 0.0625 in,KIT STRUCT / step 4,SHEET-03,1.43 x 0.76,DER-FAB,yes,"butt on plate below, PVA",GF interior wall line (DER) simplified to support rib
STRUCT-003,ST003,GF WING RIB X18.2,SUPPORT (hidden),1,1/16 in chipboard,1 x 0.0625 = 0.0625 in,KIT STRUCT / step 4,SHEET-03,1.43 x 0.76,DER-FAB,yes,"butt on plate below, PVA",GF interior wall line (DER) simplified to support rib
STRUCT-004,ST004,"GF WALL Y-37 (INT GROUND H, entrance rooms)",MUST FABRICATE,1,1/16 in chipboard,1 x 0.0625 = 0.0625 in,KIT STRUCT / step 4,SHEET-03,2.38 x 0.76,DER-FAB,yes,"butt on plate below, PVA",real GF interior wall X30.68-42.97 (DER); carries the solarium plate
STRUCT-005,ST005,N-BAR SPINE WALL (beam bearing),MUST FABRICATE,1,1/16 in chipboard,1 x 0.0625 = 0.0625 in,KIT STRUCT / step 5,SHEET-03,10.59 x 2.98,DER,yes,butt on GF slab; 6 through-slots receive beam tabs,S face of massing M01 (not modelled as a wall in pass 06); carries the 6 hall roof beams in slots
STRUCT-006,ST006,N-BAR BULKHEAD X14.5 (hidden stiffener),SUPPORT (hidden),1,1/16 in chipboard,1 x 0.0625 = 0.0625 in,KIT STRUCT / step 5,SHEET-03,0.85 x 2.92,DER-FAB,yes,"butt on plate below, PVA",hidden stiffener at interior wall line; supports RF-02
STRUCT-007,ST007,N-BAR BULKHEAD X33.6 (hidden stiffener),SUPPORT (hidden),1,1/16 in chipboard,1 x 0.0625 = 0.0625 in,KIT STRUCT / step 5,SHEET-03,0.85 x 2.92,DER-FAB,yes,"butt on plate below, PVA",hidden stiffener at interior wall line; supports RF-02
STRUCT-008,ST008,L1 WING RIB X6.5 (INT L1 V),SUPPORT (hidden),1,1/16 in chipboard,1 x 0.0625 = 0.0625 in,KIT STRUCT / step 7,SHEET-03,1.45 x 0.56,DER-FAB,yes,"butt on plate below, PVA",real L1 interior wall X6.39-6.75 (DER)
STRUCT-009,ST009,L1 WING RIB X22.9 (support),SUPPORT (hidden),1,1/16 in chipboard,1 x 0.0625 = 0.0625 in,KIT STRUCT / step 7,SHEET-03,1.30 x 0.56,ASM,yes,"butt on plate below, PVA",ASSUMED support line (model leaves wing E side open at L1)
STRUCT-010,ST010,L1 WALL X24.6 (INT L1 V),MUST FABRICATE,1,1/16 in chipboard,1 x 0.0625 = 0.0625 in,KIT STRUCT / step 7,SHEET-03,0.73 x 0.56,DER-FAB,yes,"butt on plate below, PVA","real L1 wall facing solarium (DER, interior layer)"
STRUCT-011,ST011,SOUTH BLOCK RIB X6.5 (hidden),SUPPORT (hidden),1,1/16 in chipboard,1 x 0.0625 = 0.0625 in,KIT STRUCT / step 10,SHEET-03,1.14 x 1.36,DER-FAB,yes,"butt on plate below, PVA",hidden stiffener; supports RF-03
STRUCT-012,ST012,SOUTH BLOCK RIB X18.2 (hidden),SUPPORT (hidden),1,1/16 in chipboard,1 x 0.0625 = 0.0625 in,KIT STRUCT / step 10,SHEET-03,1.14 x 1.36,DER-FAB,yes,"butt on plate below, PVA",hidden stiffener; supports RF-03
STRUCT-013,ST013,"HALL ROOF BEAM S-B1..B6 (tapered, laminated)",MUST FABRICATE,12,1/16 in chipboard,2 x 0.0625 = 0.1250 in,KIT STRUCT / step 11,SHEET-03,4.34 x 1.03,DER,yes,2 plies laminated; N-end tab into spine slot; S end glued on leg top,top edge = roof slope 0.2059
STRUCT-014,ST014,INCLINED HALL LEG S-C1..C6 (laminated),MUST FABRICATE,12,1/16 in chipboard,2 x 0.0625 = 0.1250 in,KIT STRUCT / step 11,SHEET-03,0.42 x 1.79,DER,yes,2 plies laminated; foot tab through L1 plate slot onto GF bearing rib,
STRUCT-015,ST015,"SUNSHADE FIN S-F1,S-F3",MUST FABRICATE,2,1/16 in chipboard,1 x 0.0625 = 0.0625 in,KIT STRUCT / step 13,SHEET-03,0.59 x 1.53,ASM,yes,tab into plate slot; top glued under S-B7,
STRUCT-016,ST016,SUNSHADE FIN S-F2,MUST FABRICATE,1,1/16 in chipboard,1 x 0.0625 = 0.0625 in,KIT STRUCT / step 13,SHEET-03,0.59 x 1.53,DER,yes,tab into plate slot; top glued under S-B7,
STRUCT-017,ST017,"SUNSHADE FIN S-F4,S-F6",MUST FABRICATE,2,1/16 in chipboard,1 x 0.0625 = 0.0625 in,KIT STRUCT / step 13,SHEET-03,0.59 x 2.15,ASM,yes,tab into plate slot; top glued under S-B7,
STRUCT-018,ST018,SUNSHADE FIN S-F5,MUST FABRICATE,1,1/16 in chipboard,1 x 0.0625 = 0.0625 in,KIT STRUCT / step 13,SHEET-03,0.59 x 2.15,ASM,yes,tab into plate slot; top glued under S-B7,
STRUCT-019,ST019,SUNSHADE FIN S-F7,MUST FABRICATE,1,1/16 in chipboard,1 x 0.0625 = 0.0625 in,KIT STRUCT / step 13,SHEET-03,0.59 x 1.65,ASM,yes,stands on parapet top (no slot); top glued under S-B7,trimmed where it meets E OUTER SKIN; trimmed where it meets SOLARIUM PARAPET E + SLAB EDGE
STRUCT-020,ST020,SUNSHADE TOP BEAM S-B7,MUST FABRICATE,1,1/16 in chipboard,1 x 0.0625 = 0.0625 in,KIT STRUCT / step 13,SHEET-03,10.87 x 0.61,DER,yes,glued on fin tops; fin lines engraved on underside,
FLOOR-001,FL001,L1 PLATE: pool deck + wing + solarium (+4.00),MUST FABRICATE,1,1/16 in chipboard,1 x 0.0625 = 0.0625 in,KIT FLOOR / step 6,SHEET-03,11.87 x 7.87,DER,yes,drops inside continuous walls onto ribs/pool boxes; PVA,one plate for the whole +4.00 level; pools and 1.12 void cut out
FLOOR-002,FL002,L2 PLATE: terrace + south block floor (+7.05),MUST FABRICATE,1,1/16 in chipboard,1 x 0.0625 = 0.0625 in,KIT FLOOR / step 9,SHEET-03,6.28 x 3.60,DER,yes,on wing walls/ribs; PVA,outline from SL-22 + massing M06 top / M08 bottom (no L2 slab modelled)
ROOF-001,RF001,N BAR ROOF RF-02,MUST FABRICATE,1,1/16 in chipboard,1 x 0.0625 = 0.0625 in,KIT ROOF / step 14,SHEET-04,10.68 x 0.92,DER,yes,"inset between walls on bulkheads, PVA",
ROOF-002,RF002,SOUTH BLOCK ROOF RF-03,MUST FABRICATE,1,1/16 in chipboard,1 x 0.0625 = 0.0625 in,KIT ROOF / step 14,SHEET-04,6.13 x 1.77,DER,yes,"inset inside parapets on 2 hidden ribs, PVA",real 0.60 m; 1 ply used (thickness hidden inside parapets)
ROOF-003,RF003,WEST ZONE ROOF RF-06,MUST FABRICATE,1,1/16 in chipboard,1 x 0.0625 = 0.0625 in,KIT ROOF / step 14,SHEET-04,0.95 x 2.53,ASM,yes,"inset between walls, PVA",
ROOF-004,RF004,E STRIP ROOF RF-04,MUST FABRICATE,1,1/16 in chipboard,1 x 0.0625 = 0.0625 in,KIT ROOF / step 14,SHEET-04,0.18 x 5.60,ASM,yes,"inset strip between hall E wall and E skin, PVA",
ROOF-005,RF005,E STRIP LOW ROOF RF-04b,MUST FABRICATE,1,1/16 in chipboard,1 x 0.0625 = 0.0625 in,KIT ROOF / step 14,SHEET-04,0.18 x 0.53,ASM,yes,"inset, PVA",
ROOF-006,RF006,"HALL ROOF RF-01 (sloped, REMOVABLE)",MUST FABRICATE,2,1/16 in chipboard,2 x 0.0625 = 0.1250 in,KIT ROOF / step 15,SHEET-04,10.57 x 4.63,DER,yes,"2 plies laminated; NOT glued - rests on beams, CW frame and spine, between hall walls","true sloped length; lift off to see pools, bleachers, beams"
ROOF-007,RF007,HALL ROOF FASCIA (glued to RF-01 S edge),MUST FABRICATE,1,1/16 in chipboard,1 x 0.0625 = 0.0625 in,KIT ROOF / step 15,SHEET-04,10.57 x 0.14,DER,yes,glued to roof south edge; lifts off with the roof,
ENV-001,EN001,FORECOURT SLANT WALL (PISCINE),MUST FABRICATE,1,1/16 in chipboard,1 x 0.0625 = 0.0625 in,KIT ENV / step 4,SHEET-04,2.16 x 0.76,DER,sheet label,"butt joint, PVA",top raised from soffit +3.01 to L1 plate underside (+3.70) so it carries the canopy plate; PISCINE lettering engraved on the outer face (stroke font stretched to 9.9 x 2.4 m)
ENV-002,EN002,ENTRANCE RETURN WALL X31.2,MUST FABRICATE,1,1/16 in chipboard,1 x 0.0625 = 0.0625 in,KIT ENV / step 4,SHEET-04,0.94 x 0.76,DER,yes,"butt joint, PVA",
ENV-003,EN003,HALL W WALL,MUST FABRICATE,1,1/16 in chipboard,1 x 0.0625 = 0.0625 in,KIT ENV / step 5,SHEET-04,4.54 x 2.98,DER,yes,"butt joint, PVA","1 large opening(s) cut; 4 small door/window(s) omitted (2.1x1.9, 2.1x1.7, 2.1x1.6, 2.1x1.8 m)"
ENV-004,EN004,HALL E WALL,MUST FABRICATE,1,1/16 in chipboard,1 x 0.0625 = 0.0625 in,KIT ENV / step 5,SHEET-04,5.45 x 2.98,DER,yes,"butt joint, PVA",1 small door/window(s) omitted (2.1x1.0 m)
ENV-005,EN005,N WALL (N bar),MUST FABRICATE,1,1/16 in chipboard,1 x 0.0625 = 0.0625 in,KIT ENV / step 5,SHEET-04,10.71 x 2.98,DER,yes,"butt joint, PVA","3 large opening(s) cut; 11 small door/window(s) omitted (2.1x1.1, 2.1x1.7, 2.1x1.7, 2.1x1.6, 2.1x1.6, 2.1x1.0, 2.1x1.5, 2.1x0.9, 2.1x1.6, 2.1x1.5, 2.5x1.4 m)"
ENV-006,EN006,E OUTER SKIN,MUST FABRICATE,1,1/16 in chipboard,1 x 0.0625 = 0.0625 in,KIT ENV / step 5,SHEET-04,6.64 x 2.98,ASM,yes,"butt joint, PVA",
ENV-007,EN007,N BAR W SLANT,MUST FABRICATE,1,1/16 in chipboard,1 x 0.0625 = 0.0625 in,KIT ENV / step 5,SHEET-04,0.99 x 2.98,DER,yes,"butt joint, PVA",
ENV-008,EN008,W SLANT WALL (south block),MUST FABRICATE,1,1/16 in chipboard,1 x 0.0625 = 0.0625 in,KIT ENV / step 5,SHEET-04,1.60 x 2.98,DER,yes,"butt joint, PVA",
ENV-009,EN009,W SLANT WALL (west zone),MUST FABRICATE,1,1/16 in chipboard,1 x 0.0625 = 0.0625 in,KIT ENV / step 5,SHEET-04,2.64 x 2.98,ASM,yes,"butt joint, PVA",
ENV-010,EN010,GARDEN N WALL,MUST FABRICATE,1,1/16 in chipboard,1 x 0.0625 = 0.0625 in,KIT ENV / step 5,SHEET-04,0.59 x 2.98,DER,yes,"butt joint, PVA",
ENV-011,EN011,WING S WALL (GF-L1),MUST FABRICATE,1,1/16 in chipboard,1 x 0.0625 = 0.0625 in,KIT ENV / step 5,SHEET-04,6.24 x 1.38,DER,yes,"butt joint, PVA",1 large opening(s) cut
ENV-012,EN012,NOTCH WALL (west zone S),MUST FABRICATE,2,1/16 in chipboard,2 x 0.0625 = 0.1250 in,KIT ENV / step 7,SHEET-04,0.95 x 2.16,DER,yes,"butt joint, PVA",
ENV-013,EN013,WEST ZONE E FACE (to terrace),SIMPLIFY,1,1/16 in chipboard,1 x 0.0625 = 0.0625 in,KIT ENV / step 7,SHEET-04,1.80 x 2.16,ASM,yes,"butt joint, PVA",built from interior-layer walls INT L1 V / INT L2 V facing the terrace; gaps between those pieces closed (simplified); stands on L1 plate; 
ENV-014,EN014,CANTILEVER FRONT (S block L1),MUST FABRICATE,2,1/16 in chipboard,2 x 0.0625 = 0.1250 in,KIT ENV / step 7,SHEET-04,2.58 x 0.37,DER,yes,"butt joint, PVA",
ENV-015,EN015,SOLARIUM PARAPET S + SLAB EDGE,SIMPLIFY,1,1/16 in chipboard,1 x 0.0625 = 0.0625 in,KIT ENV / step 7,SHEET-04,5.81 x 0.67,DER,yes,"butt joint, PVA",parapet (pass 06) + solarium slab edge band 3.01-4.00 (SL-16 soffit)
ENV-016,EN016,SOLARIUM PARAPET E + SLAB EDGE,SIMPLIFY,1,1/16 in chipboard,1 x 0.0625 = 0.0625 in,KIT ENV / step 7,SHEET-04,2.71 x 0.67,DER,yes,"butt joint, PVA",parapet (pass 06) + solarium slab edge band 3.01-4.00 (SL-16 soffit)
ENV-017,EN017,SOUTH BLOCK S WALL,MUST FABRICATE,2,1/16 in chipboard,2 x 0.0625 = 0.1250 in,KIT ENV / step 10,SHEET-04,6.28 x 1.54,DER,yes,"butt joint, PVA",1 large opening(s) cut
ENV-018,EN018,SOUTH BLOCK E WALL,MUST FABRICATE,2,1/16 in chipboard,2 x 0.0625 = 0.1250 in,KIT ENV / step 10,SHEET-04,2.26 x 1.54,DER,yes,"butt joint, PVA",
ENV-019,EN019,SOUTH BLOCK N WALL (leaning),MUST FABRICATE,2,1/16 in chipboard,2 x 0.0625 = 0.1250 in,KIT ENV / step 10,SHEET-04,4.90 x 1.68,DER,yes,"butt, PVA; SAND the inner bottom arris to a ~24 deg bevel so the face sits flush on the L2 plate (2-ply edge meets plate at 66 deg)",flat plate in the leaning plane; ends butt S-block E wall and west-zone face; bottom edge glued on L2 plate along engraved line
GLAZ-001,GL001,GF ENTRANCE GLAZING 0.11 S,SIMPLIFY,1,1/16 in chipboard,1 x 0.0625 = 0.0625 in,KIT GLAZ / step 4,SHEET-03,1.28 x 0.76,DER,yes,"butt on GF slab under L1 plate, PVA",glazing left open (default); bars at modelled mullions; head band 3.01 -> plate underside represents solarium slab depth
GLAZ-002,GL002,GF GLAZING 0.18/0.19 S,SIMPLIFY,1,1/16 in chipboard,1 x 0.0625 = 0.0625 in,KIT GLAZ / step 4,SHEET-03,2.36 x 0.76,DER,sheet label,"butt on GF slab under L1 plate, PVA",glazing left open (default); bars at modelled mullions; head band 3.01 -> plate underside represents solarium slab depth
GLAZ-003,GL003,GF VESTIBULE GLAZING E,SIMPLIFY,1,1/16 in chipboard,1 x 0.0625 = 0.0625 in,KIT GLAZ / step 4,SHEET-03,2.61 x 0.76,DER,yes,"butt on GF slab under L1 plate, PVA",glazing left open (default); bars at modelled mullions; head band 3.01 -> plate underside represents solarium slab depth
GLAZ-004,GL004,HALL S CURTAIN WALL FRAME,SIMPLIFY,1,1/16 in chipboard,1 x 0.0625 = 0.0625 in,KIT GLAZ / step 12,SHEET-03,10.56 x 2.02,DER,yes,stands on L1 plate / L2 terrace edge; leg feet glued to back face,"posts at grid C1-C6 + 2 transom bands (8.50, 10.50) kept; 216 transoms/55 mullions engraved on optional acetate; frame placed 0.11 m outboard of glass line to clear legs"
GLAZ-005,GL005,ACETATE for GF ENTRANCE GLAZING 0.11 S,OPTIONAL (acetate),1,0.010 in clear acetate/PETG,0.010 in,KIT GLAZ / step 4,SHEET-05,1.24 x 0.72,DER,sheet label,"glue to inner face of frame with tacky glue (spot, not solvent)",
GLAZ-006,GL006,ACETATE for GF GLAZING 0.18/0.19 S,OPTIONAL (acetate),1,0.010 in clear acetate/PETG,0.010 in,KIT GLAZ / step 4,SHEET-05,2.32 x 0.72,DER,sheet label,"glue to inner face of frame with tacky glue (spot, not solvent)",
GLAZ-007,GL007,ACETATE for GF VESTIBULE GLAZING E,OPTIONAL (acetate),1,0.010 in clear acetate/PETG,0.010 in,KIT GLAZ / step 4,SHEET-05,2.57 x 0.72,DER,sheet label,"glue to inner face of frame with tacky glue (spot, not solvent)",
GLAZ-008,GL008,ACETATE window 1 in N WALL (N bar),OPTIONAL (acetate),1,0.010 in clear acetate/PETG,0.010 in,KIT GLAZ / step 5,SHEET-05,0.96 x 0.59,DER,sheet label,glue to inner face of wall over the opening,
GLAZ-009,GL009,ACETATE window 2 in N WALL (N bar),OPTIONAL (acetate),1,0.010 in clear acetate/PETG,0.010 in,KIT GLAZ / step 5,SHEET-05,0.96 x 0.59,DER,sheet label,glue to inner face of wall over the opening,
GLAZ-010,GL010,ACETATE window 3 in N WALL (N bar),OPTIONAL (acetate),1,0.010 in clear acetate/PETG,0.010 in,KIT GLAZ / step 5,SHEET-05,2.75 x 0.59,DER,sheet label,glue to inner face of wall over the opening,
GLAZ-011,GL011,ACETATE window 1 in WING S WALL (GF-L1),OPTIONAL (acetate),1,0.010 in clear acetate/PETG,0.010 in,KIT GLAZ / step 5,SHEET-05,0.66 x 1.14,DER,sheet label,glue to inner face of wall over the opening,
GLAZ-012,GL012,ACETATE window 1 in SOUTH BLOCK S WALL,OPTIONAL (acetate),1,0.010 in clear acetate/PETG,0.010 in,KIT GLAZ / step 10,SHEET-05,1.23 x 1.14,DER,sheet label,glue to inner face of wall over the opening,
GLAZ-013,GL013,ACETATE for HALL S CURTAIN WALL FRAME,OPTIONAL (acetate),1,0.010 in clear acetate/PETG,0.010 in,KIT GLAZ / step 12,SHEET-05,10.52 x 1.98,DER,sheet label,"glue to inner face of frame with tacky glue (spot, not solvent)","transom + mullion lines from the model scored (vector score, low power)"
CIRC-001,CI001,BLEACHER STACK LEVEL 1 (2 plies),SIMPLIFY,2,1/16 in chipboard,2 x 0.0625 = 0.1250 in,KIT CIRC / step 8,SHEET-03,5.78 x 0.81,ASM,yes,"stacked and laminated, PVA; north edge against spine",
CIRC-002,CI002,BLEACHER STACK LEVEL 2 (2 plies),SIMPLIFY,2,1/16 in chipboard,2 x 0.0625 = 0.1250 in,KIT CIRC / step 8,SHEET-03,5.78 x 0.67,ASM,yes,"stacked and laminated, PVA; north edge against spine",
CIRC-003,CI003,BLEACHER STACK LEVEL 3 (2 plies),SIMPLIFY,2,1/16 in chipboard,2 x 0.0625 = 0.1250 in,KIT CIRC / step 8,SHEET-03,5.78 x 0.53,ASM,yes,"stacked and laminated, PVA; north edge against spine",
CIRC-004,CI004,BLEACHER STACK LEVEL 4 (2 plies),SIMPLIFY,2,1/16 in chipboard,2 x 0.0625 = 0.1250 in,KIT CIRC / step 8,SHEET-03,5.78 x 0.39,ASM,yes,"stacked and laminated, PVA; north edge against spine",
POOL-001,PO001,MAIN POOL 1.09 BOX WALL (N/S),MUST FABRICATE,2,1/16 in chipboard,1 x 0.0625 = 0.0625 in,KIT POOL / step 3,SHEET-01,5.36 x 0.76,ASM,yes,"butt on GF slab, box corners overlap N/S over E/W",inner face = pool side (visible through deck opening)
POOL-002,PO002,MAIN POOL 1.09 BOX WALL (E/W),MUST FABRICATE,2,1/16 in chipboard,1 x 0.0625 = 0.0625 in,KIT POOL / step 3,SHEET-01,2.57 x 0.76,ASM,yes,"butt on GF slab, box corners overlap N/S over E/W",inner face = pool side (visible through deck opening)
POOL-003,PO003,MAIN POOL FLOOR (folded on 3 scores),SIMPLIFY,1,1/16 in chipboard,1 x 0.0625 = 0.0625 in,KIT POOL / step 3,SHEET-02,5.30 x 2.57,DER,sheet label,rests on 2 profiled ribs; fold gently at scored lines,floor profile from WATER 1.09 sec8 (shallow W 2.10 -> deep 0.30 -> E 1.45)
POOL-004,PO004,MAIN POOL FLOOR RIB W,SUPPORT (hidden),2,1/16 in chipboard,1 x 0.0625 = 0.0625 in,KIT POOL / step 3,SHEET-01,3.85 x 0.36,DER-FAB,yes,stands on GF slab inside box; deep zone of floor rests on GF slab,
POOL-005,PO005,MAIN POOL FLOOR RIB E,SUPPORT (hidden),2,1/16 in chipboard,1 x 0.0625 = 0.0625 in,KIT POOL / step 3,SHEET-01,0.61 x 0.23,DER-FAB,sheet label,stands on GF slab inside box; deep zone of floor rests on GF slab,
POOL-006,PO006,LEARNERS POOL 1.07 BOX WALL (N/S),MUST FABRICATE,2,1/16 in chipboard,1 x 0.0625 = 0.0625 in,KIT POOL / step 3,SHEET-01,2.69 x 0.76,ASM,yes,"butt on GF slab, box corners overlap N/S over E/W",inner face = pool side (visible through deck opening)
POOL-007,PO007,LEARNERS POOL 1.07 BOX WALL (E/W),MUST FABRICATE,2,1/16 in chipboard,1 x 0.0625 = 0.0625 in,KIT POOL / step 3,SHEET-01,2.57 x 0.76,ASM,yes,"butt on GF slab, box corners overlap N/S over E/W",inner face = pool side (visible through deck opening)
POOL-008,PO008,LEARNERS POOL FLOOR,SIMPLIFY,1,1/16 in chipboard,1 x 0.0625 = 0.0625 in,KIT POOL / step 3,SHEET-02,2.57 x 2.57,DER,sheet label,"rests on 2 ribs, PVA",
POOL-009,PO009,LEARNERS POOL FLOOR RIB,SUPPORT (hidden),2,1/16 in chipboard,1 x 0.0625 = 0.0625 in,KIT POOL / step 3,SHEET-01,2.57 x 0.50,DER-FAB,yes,stands on GF slab,
DETAIL-001,DE001,CANTILEVER SOFFIT (S block L1),MUST FABRICATE,1,1/16 in chipboard,1 x 0.0625 = 0.0625 in,KIT DETAIL / step 7,SHEET-03,2.46 x 0.29,DER,yes,"between front and wing S wall, PVA",
DETAIL-002,DE002,CANTILEVER END CAP W,MUST FABRICATE,1,1/16 in chipboard,1 x 0.0625 = 0.0625 in,KIT DETAIL / step 7,SHEET-03,0.09 x 0.25,DER,sheet label,"between front and wing S wall, PVA",
DETAIL-003,DE003,CANTILEVER END CAP E,MUST FABRICATE,1,1/16 in chipboard,1 x 0.0625 = 0.0625 in,KIT DETAIL / step 7,SHEET-03,0.29 x 0.25,DER,sheet label,"between front and wing S wall, PVA",
DETAIL-004,DE004,NE BOX WALL,MUST FABRICATE,1,1/16 in chipboard,1 x 0.0625 = 0.0625 in,KIT DETAIL / step 14,SHEET-03,0.51 x 0.62,ASM,yes,"butt joint, PVA",
DETAIL-005,DE005,NE BOX WALL,MUST FABRICATE,1,1/16 in chipboard,1 x 0.0625 = 0.0625 in,KIT DETAIL / step 14,SHEET-03,1.38 x 0.62,ASM,yes,"butt joint, PVA",
DETAIL-006,DE006,NE BOX ROOF RF-05,MUST FABRICATE,1,1/16 in chipboard,1 x 0.0625 = 0.0625 in,KIT DETAIL / step 14,SHEET-03,1.32 x 0.45,ASM,yes,"on NE box walls, PVA",
